Tweet,Stance
Always a delight to see chest-drumming alpha males hiss and scuttle backwards up the wall when a feminist enters the room. #manly #SemST,FAVOR
If I had a dollar for every #Feminist I've wanted to kick in the shin I could retire and shitpost on twitter all day. #SemST,AGAINST
@marieclaire Or...She's a grown 21st century woman who may do whatever pleases her! Especially with her fashion and body!  #SemST,FAVOR
What do feminists want: All humans male and female should have equal political economic and social rights. Equality. #SemST,FAVOR
Women are not going to be equal outside the home until men are equal in it-- Gloria Steinem  #women #men #SemST,FAVOR
Of course ugly feminists hate sexy porn stars rhinos hate the fact they they will never be a unicorn.  #GamerGate #SemST,AGAINST
@FCKH8 is the poster child for why identity politics suck. #SemST,NONE
@TrapLordAlec @Bold_Radicals 10 to realize this is all actually a symbol for #SemST,NONE
People say I'm a bit young to be into politics. But honestly I just stand for what I believe in. #MarriageEquaility #coexist #SemST,NONE
To men who make contact with women thinking they are owed a response #patriarchy #SemST,FAVOR
Shhhh! @Bayonethics can't you see @monikarmoore is bragging? Even feminists have the right to be bitches... #GamerGate #SemST,FAVOR
"@PennyRed Do realise that you've painted all ""men"" with the same brush. So ""wilfully ignorant"" could be used to describe you #fail #SemST",AGAINST
"@PennyRed you realise that you have just painted ""all"" men with the same brush. So ""wilfully ignorant"" could describe you! #fail #SemST",AGAINST
Someone should do a #Meminist Frequency video response highlighting the violence against men portrayed in video games. #SemST,AGAINST
Funny how it's not misogyny or objectification when feminists completely erase female agency to make an argument. @IroynA #SemST,AGAINST
Feminists tend to get upset & leave comedy clubs because humor is a form of intelligence they lack.  #GamerGate  #SemST,AGAINST
Towie catchup totally agree with ferne #TOWIE #SemST,NONE
RT gamergatenews: RT CaptHaddock83: Ha Ha hilarious! #Feminists desending on #SpankAFeminist like mad harpies #SJWs #game... #SemST,AGAINST
i have autocorrect switched off smh i dnt need u im independent #SemST,NONE
The responsibilities Feminism admits are as ornamental as the intelligence of the average feminist. #OnlyRights #SemST,AGAINST
"A ""Strong Feminist"" on Twitter is measured by how much she can type without thinking first. (then delete) #GamerGate #SemST",AGAINST
The best way to spot religions is to see how often they get offended by ideas & crticism. Feminism ranks very high. #SemST,AGAINST
You are not penetrating our vaginas we  WE ARE ENGULFING YOUR PENISES!  #insideamyschumer #SemST,FAVOR
Old insecure females forcing hatred of men on a younger generation of women #SemST,AGAINST
@E__Strobel @rsmccain @instapundit @CHSommers @CathyYoung63 @AsheSchow @mensrightsrdt @Anneeliz1 That's right. All sex is rape. #SemST,NONE
Like feminism isn't just about 'gender' it's about so much more than that you ignorant toad. #SemST,FAVOR
@FaZeNikan @dznCosta why is men in front of women you misogynistic pig #SemST,FAVOR
Just watched Mad Max: Fury Road.  Amazing! Everything! And as a woman watching this film... Amazed. #MadMaxFuryRoad #SemST,NONE
Video games are a form of art. Censorship would be comparable to practices by fascist Germany during WWII. #GamerGate #SemST,NONE
My feminist heart is so angry right now wish I could scream my hate for inequality right now. At the top of my lungs. #SemST,FAVOR
And no femaskanks your gender studies degree isn't as valuable as a S.T.E.M degree.... #SemST,AGAINST
@SilviuMajor your tweet has made it to the cast of towie mate #SemST,NONE
Wow @fernemccann  you are beautiful even make up free! #girlpower #SemST,FAVOR
@CosmopolitanUK why does someone not create a female festival celebrating women?! Surely it's a no brainer! #art #music #history #SemST,FAVOR
@AymieLouise1995 'look we can discuss sexism in survival situations when I get back' #jurassicworld #SemST,NONE
Dear 80 percent of women: you don't think like us hence you are scum. - Love @Jezebel #GamerGate #SemST,AGAINST
@ParnassusBooks1 any chance @QueSaraiSera will come to Nashville to discuss #Dietland. Couldn't put that deliciousness down! #plum #SemST,NONE
RT EmilAaslund: Dear third wave feminists: I hate you not women. Get your definitions straight. #GamerGate #slipperyslope #NotYo... #SemST,AGAINST
Selective listening a #character trait of convenience #feminists #SemST,AGAINST
#narcissism another character trait of most #feminist convenience #SemST,AGAINST
Reading a mag that has endless pages about how to look on holiday but holidays are the time not to give a fuck. That's the point! #SemST,NONE
Pussy Riot: A Punk Prayer  I highly suggest you watch it. Such an amazing documentary. #SemST,FAVOR
Pushing misinformation about #wagegap is the new anti vaccination. #SemST,FAVOR
Here we are fighting for equality when @Wimbledon decide to only allow ladies heat breaks. Do men not get hot too? #SemST,AGAINST
Men are dirty & evil yet feminism is happy to take their money via the state in a form of collective prostitution. #SemST,AGAINST
"#SharkRocket ""Real People Real Results"" commercial only includes women - So men don't vacuum? #NotBuyingIt #SemST",FAVOR
@BizerBizer @GiftofGodsFavor It's a sexist misandrist whine-fest drenched in victimhood. #SemST,AGAINST
What the fuck do women even do? I mean seriously they're just useless other than sex.  #womensrights #Feminist #SemST,AGAINST
What a real #Patriarchy and #RapeCulture looks like. #BeingFemaleInNigeria  #pjnet #GamerGate #SemST,FAVOR
if your feminism is sex worker exclusive or trans exclusive I want no part in it. #intersectionality #SemST,FAVOR
Cat Pt. 2: Today I found my cat is a feminist. #cat #feminist #kindofanokstory #life #SemST,NONE
What about how in the world of weed the male plants are mostly deemed useless as they only produce seeds & don't flower #SemST,FAVOR
@virtuadad @TakedownMRAs the library quit attempting 2 hurt others just so they'll think the way u do #SemST,NONE
@Not_Jaewon_Kang lol Jaewon you are so good in the hood! We just like poetry over pressing issues #SemST,NONE
DEAR FEMINISTS  Give a complete version of feminism not the dictionary definition. Or what? No man-hate?  #GamerGate #SemST,AGAINST
@Noin007 though I'm not a girl so maybe I'm not  qualified to comment on women's issues according to #SemST,AGAINST
"*watching house of cards with my dad* ""I could be First Lady."" ""Why not president?"" ""YEAH DAD! Next woman president right here!""  #SemST",FAVOR
"Goldstein is the #SanFrancisco City Archivist she asks ""Where are the women in the history of our city?"" #alaac15 #archives #SemST",FAVOR
Staying well informed on sexual violence in the news is important yet often leaves me ranting at screen. #rapeculture #SemST,FAVOR
I wish Laura croft would undress more so I could Bitch about it. #FemFreq #SemST,AGAINST
"I have seen feminists disagree by saying ""shut up."" Aside from simple manners this treatment of others is befuddling. ~ @lizfurl. #SemST",AGAINST
Feminist outrage over American girls being recruited by ISIS? Zero. #SemST,AGAINST
"@it_is_cancer @fat_tush categorizing homelessness as a ""job"". #SemST",NONE
feminists be like: don' judge a book by its cover! unless the cover is a straight white male. #SemST,AGAINST
Just heard the most inspiring interview w one of my heroines @monaeltahawy on @bbcworldservice #women #islam  #revolution #SemST,FAVOR
They don't call it MALE-volent for no reason #SemST,FAVOR
@Yohanzor  @kittylight @OccupyWomen You lunatics aren't fooling any1. Your skewed logic is only due 2 your delusions. #SemST,AGAINST
@DrEmilyGrossman @LiquideousSnake @FredvonsydowTW @ibbibby @CathyYoung63 @ZombieNeith  FEEL decides who get support.  #SemST,NONE
when you get sexually harassed twice  #SemST,FAVOR
@YMFROMTHEBLOCK YES girl you can put almost anything in that joint #Islam #SemST,NONE
We are 51% of the population and only 17% of Congress. The #WarOnWomen is absolutely a real thing. Wake up America. #SemST,FAVOR
#WhoIsBurningBlackChurches is the latest racist hate mob tag. No surprise it's all #BlackLivesMatter people. #SJWLogic #SemST,NONE
Women are shamed if they don't want children but then told if they want to be payed equally they shouldn't have children at all. #SemST,FAVOR
"I'm honestly surprised that feminist extremists like @lenadunham aren't screaming ""sexist!!"" at gay men. #SemST",AGAINST
Feminism is a fashionable form of narcissism because personal trauma & personal retribution is what drives feminists. #SemST,AGAINST
DEAR FEMINIST SUPPORTERS People like you with your endless concessions to feminists just prevent their accountability. #SemST,AGAINST
I shouldn't have to be holding a man's hand to be left alone on the street.  #catcalling #streetharassment #equality #SemST,FAVOR
Keep the fight going for justice in all our communities #LGBTRights #BlackLivesMatter #JusticeForMuslims #HispanicGirlsUnited #SemST,NONE
@Ricky_Vaughn99  Why is it called HIStory and not HERstory ?!   #SemST,FAVOR
It's funny how the #government wants to fix the #gay problems but what about the straight people problems #SemST,NONE
@camerongreen22 Young man stop wearing your sister's clothes and makeup. You look ridiculous. #SpankAFeminist #SemST,AGAINST
Girls over 130 shouldn't wear a swim suit #womenintech #SemST,AGAINST
Recenter your world. Be the captain of your ship. The author of your life story. #SemST,NONE
@ProLifeAction nope no more adultery now than 100 years ago or 600 years ago. Sorry facts don't fit your narrative. #prochoice #SemST,NONE
After a gr8 day for US equality I think of the girls who pose with @DanBilzerian; setting female equality back 40yr #gaymarriage #SemST,FAVOR
@arristotlee Thank you #progressive-minded pursuers of familial and societal Dystopia. #Democrats #Liberals #SemST,NONE
im a strong independent black woman who don't need no daddy #lol #girlpower #SemST,FAVOR
I think if Australia had a female PM n female majority MPs #MarriageEquaility would be legal here now #auspol #SemST,FAVOR
Congratulations to America for overcoming 1 battle for #equality. Now let's have women&all races treated equally #AllLivesMatter #SemST,FAVOR
@lucypalmreports I don't need feminism because I am pretty #SemST,AGAINST
@OccupyCourt Family Court is not a court. It is INQUISITION. #FEMINAZIS #SemST,AGAINST
The meaning of peace is the absence of opposition to socialism. #GamerGate #SemST,NONE
Feminists spread misandry. Always try two  create gender conflicts.   #FeminismIsCruelty #dontmancriminate #SemST,AGAINST
The problem with liberals' tolerance is that it is only extended to those who agree with them #tcot #SemST,NONE
Everfetching: i wanna chat with a feminist or a feminazi at the the moment. just to hear sides ya know?  #feminist #feminazi #SemST,NONE
RT @LZats: Do you know what women should stop wearing after age 30? Nothing. Women can wear whatever they want no matter how old. #SemST,FAVOR
Multiple abortions means Feminists are not using the contraceptives THEY THEMSELVES demanded.  #GamerGate #SemST,AGAINST
Multiple abortions is one of the few mistakes in life where you are not expected to learn.   Welcome to feminism.  #SemST,AGAINST
"IF FEMINISTS WERE HONEST  ""I don't want to learn skills I want others to work under my name.""  #GamerGate #SemST",AGAINST
It is not up to you to contemplate getting fired feminists WILL get you fired @Mercurial891 @MGTOWKnight  #GamerGate  #SemST,AGAINST
Gender research helps to develop nursing research  theoretical frameworks concepts and methodology. @genderanded #research #SemST,NONE
"I only ever see ""meritocracy is a myth"" being pushed by people with no skills trying to buddy-buddy their way to the top. Hmm. #SemST",NONE
With Hillary's lead over Sanders narrowing how long before Bernie is accused of misogyny?  #tcot #SemST,AGAINST
@THOSEGOODVlBES wtf what about single fathers #SemST,AGAINST
Meritocracy is only oppressive against the incompetent - if you believe it's sexist YOU are the sexist one #therealkind #SemST,AGAINST
Hate when girls turn into bitches because a guy tells them they look good without make up... THATS A COMPLIMENT ?!!??!???? #SemST,AGAINST
@_aimless the friend of my enemy is my pizza delivery guy. #vegans #blessed #SemST,NONE
"Anti-#gamergate people who say GG is about ""Zoe Quinn"" are defending domestic abuse.   #NotYourShield #WomenAgainstFeminis... #SemST",AGAINST
I'm glad I was able to raise my kids n a time when my educated mothering decisions for my family were not vilified. #nonvaxxerhere #SemST,AGAINST
"Can't win for trying on @H1Z1game. Either ""trying too hard for help"" or ""only winning because of the guys."" Seriously F off. #SemST",NONE
I need feminism because I can't walk three blocks without getting cat called and a man asking me to get in his car . #SemST,FAVOR
Feminism is built on hatred. Nothing to do with equality or any other humanitarian grounds #Don'tMancriminate #SemST,AGAINST
@70kha @scroll_in We can't pass judgements and offer advice on issues like hijab as if they belong to subaltern cultures.  #SemST,NONE
I brace myself for the onslaught anytime I walk by any man on the street.  #catcalling #streetharassment #equality #sexism #SemST,FAVOR
Sehri time seems to be turning into let's get my dad woke. #racepolitics #ableism #Ramadan #SemST,NONE
One gay one straight. one male One female. One friendship. #Equality #Friends #SemST,NONE
What a great accomplishment #marriageequality  too bad it still sucks to be black or a woman in America. #racism #truthbomb #SemST,FAVOR
@fdGhtP54 @_Lemaign @kungfuman316 as I said most friends I made of sex appeal to me but I do what I must FOR #SemST,NONE
I need feminism because broken idealogies need defending just as much as functioning ones. #cryingalready #DeathNote #SemST,FAVOR
The cutting and mutilation of my and my daughters' genitals is an expression of my #SemST,FAVOR
RT VivienneDenue: bittergourd TheMarySue thank you! My game is going to knock your socks off! #femaleprotagonist #gamersunite #in... #SemST,FAVOR
son you can't slut shame a female for having nudes and jerk off to the same nudes at night. you ain't right. #smh #SemST,FAVOR
I hate feminism give me a reason why I shouldn't. #feminist #notallmen #HeForShe #SemST,AGAINST
I do not wish for #Women to have power over #Men but over themselves. #Milan #KnockKnock #PAK_Army #PTIFamily #SemST,FAVOR
So now I'm sexist for saying that if a women can't deal with a bad joke she's going to suffer when it comes to adv maths  #SemST,AGAINST
Great to see singer turned activist @charlottechurch on the stage to interview @pussyrrriot #Glastonbury #glasto #charlottechurch #SemST,FAVOR
Staying silent after being raped so as not to get charged with adultery is an expression of my #SemST,FAVOR
Those fucking feminists...   Sir Tim Hunt was fired over lies. Following his joke he praised women in science.   #SemST,AGAINST
RT @LeexxxW: So #SpankAFeminist is sooooo horrible but #killallmen is perfectly fine ! I see how it is!! #SemST,AGAINST
DEAR FEMINISTS  The evidence of your closeted hate is your refusal to address man-hate in feminism.   #GamerGate #SemST,AGAINST
Communists can relate to how we feel. #communist #faith #karlmarx #SemST,NONE
@Tesco @TescoMedia @TescoFood Disgusted to see you were selling DVDs of 'Fifty Shades of Grey in your Chillingham Road branch #SemST,NONE
#Feminists: calling other people bad names won't turn them into feminists.You're shooting yourselves in the foot. #sexism #antiSJW #SemST,AGAINST
Ruth_Blane: _AnAvgJoe_: RT Ruth_Blane: Ruth_Blane: Ruth_Blane: Ruth_Blane: ReverseDowry: RT manojmane: Take this !! #Feminazi #sc... #SemST,AGAINST
RT @KennyWarner: Look for our latest indiegogo campaign coming out soon to help turn young girls into great leaders. #womensrights #SemST,FAVOR
@gelijkis my hat is seriously off to all those who made Beijing such a breakthrough. We don't say thank you enough! #womensrights #SemST,FAVOR
RT @mrkrusader: @attorneybharti @TimesNow @ndtv @abpnewstv this is a typical example of #misandry and #Scrap498a #498a #fakecases... #SemST,NONE
It's not about making women stronger. Women are already strong. It's about changing the way the world perceives that strength ! #SemST,FAVOR
The single biggest stimulus the economy can have is equal pay. - Gloria Steinem #alaac15 #SemST,FAVOR
Pop quiz: Whats the greatest fear of the oppressor? #humanrights #BlackLivesMatter #SemST,NONE
@DFoxtrot15 @FeminismIsLies so labeling womne? OMG SEXISM! labeling men? well most men are like that so... #SemST,AGAINST
I think it's okay for a woman to take a mans name if she wants to. #genderequality #SemST,FAVOR
"If we have equality women wouldn't be expected to submit to the ""traditions"" of marriage. #genderequality #SemST",FAVOR
"Watch colors code red now. It shows how a newly wedded wife con's the family. ""con bride"" #colors #scrap498a #SemST",NONE
Downvoting my youtube videos is hateful and sexist! #gamergate #femfreq #radicalbytes #videogame #gaming #SemST,FAVOR
Tumblr made me slightly transphobic and misogynistic. #Tumblr #SemST,NONE
I dont need white privillaged men coming up to me telling me my beliefs and fashion are unacceptable #furry #Feminist #SemST,FAVOR
@sass_unicorn lol! Young male children for #SemST,NONE
@equalforwomen why r u on twitter get back in the kitchen #feminist #feminazi #powertowomen #Equality #SemST,AGAINST
@moderncomments Oh come now! We both know she doesn't mean it *like that* -- only when it's advantageous! #SemST,NONE
@Martin_chris4 Car women will as well. #SemST,NONE
"IF FEMINISTS WERE HONEST   ""Tell me the truth but make sure you agree with me.""  #GamerGate #SemST",AGAINST
When did people without taste buds decide to ban tasty food?  Welcome to Sex-Negative Feminism   #GamerGate #SemST,AGAINST
"IF FEMINISTS WERE HONEST ""Be careful don't say 3rd world women suffer more or I will say you are a rapist"" #GamerGate #SemST",AGAINST
Feminist extremists ruin it for everyone. Respect to feminist who actually want equality and not a handout. #SemST,AGAINST
@kbambi1376 It's not a conscious choice that's made. Betas make women feel unsafe unprotected right? #SpankAFeminist #SemST,AGAINST
@elllode BUT SHE RUNS IN HIGH HEELS #SemST,NONE
DEAR FEMINISTS IN GAMING  Respect is earned with hard work not playing the victim.  #GamerGate #SemST,AGAINST
How to spot a fashion-#Feminist - they claim feminism is about equality. Feminist actions demonstrate otherwise. #SemST,AGAINST
Misogynist abuser @NickRinke whining that feminists are blocking him. Let's make his day and all bock him. #YesAllWomen #SemST,FAVOR
Abusive Misogynist  @NickRinke whining that feminists are blocking him. Let's make his day and all bock him. #YesAllWomen #SemST,FAVOR
Feminism is nothing more than a cult that closes ranks whenever someone dares question them. #SemST,AGAINST
I am really proud to be a @HeforShe and I want to thank @EmWatson for being such a powerful feminist #HeForShe #SemST,FAVOR
@shunter395 True but it's in quotes and I had to take the opportunity to promote #SemST,NONE
Grr! That subject is not allowed to be joked about! - Typical Feminist regarding every topic of humor #SpankAFeminist #SemST,AGAINST
People think because I'm a feminist I hate men. No I'm a feminist I believe in equality for all. #EqualityForAll #SemST,FAVOR
Feminism is Radical Islam painted in pink.   #GamerGate #SemST,AGAINST
If women do it it cannot be immoral or evil. Right?  Welcome to feminism defending pedophilia promoter #LenaDunham  #SemST,AGAINST
"The mentality of #GamerGate is   ""HEY! OUR Feminists are suuuuper stable! BTW don't agitate them with any criticism""  #SemST",AGAINST
DEAR FEMINISTS  Start asking for accountability from man-haters instead of shielding them for convenient concealment.  #SemST,AGAINST
DEAR FEMINISTS & SJWs  I am a proud Troll. Make sure I am not proud of what you want to shame me for.  #GamerGate  #SemST,AGAINST
"All the people who support abortion to bad their parents didn't practice that ""right""  #YesAllWomen #UniteBlue #SemST",NONE
#HowToSpotAFeminist?-> 3 Feminists believe in rape culture instead of their erotomania + delusions of persecution.   #SemST,AGAINST
@ChiefSarf good thing youre not pretty as fuck and im not tryna to slay!! #SemST,AGAINST
#HowToSpotAFeminist?->  7 Feminists compare themselves to successful men & non feminist women to harbor jealousy.  #SemST,AGAINST
#HowToBeUnhappyLikeAFeminist?  Feminists fill their conversations with gossip & HATE AKA #killallmen.  #GamerGate #SemST,AGAINST
feminist response people wearing meninist clothes-  mock them or call them derogatory names? NOT A HATE GROUP ??? #SemST,AGAINST
@prpodcastshow I hope there is a women's size for the #GameofKings championship belt. Or is that just for men? #SemST,FAVOR
"Feminists saying they are ""atheists/skeptics"" is quite a contradiction as they worship their own vulva.   #GamerGate #SemST",AGAINST
"Amusing how Feminists & Creationists swap their own personal ""I don't like it"" by ""God/Women don't like it"" #GamerGate #SemST",AGAINST
The times in between my whiskey are my periods. #SemST,NONE
"Amusing how feminists swap their own personal ""I don't like it"" by ""Women don't like it"".   #GamerGate #NotYourShield #SemST",AGAINST
Women in STEM is imaginary motivation with low conversion numbers. A waste of money on natural quitters.  #GamerGate  #SemST,AGAINST
"When did trivializing the suffering of authentic rape victims become a ""sport""?  Welcome to feminism.   #GamerGate #SemST",AGAINST
@deanesmay @JenMurray41 Bc feminists know everything about being a man. #SpankAFeminist #gamergate #SemST,AGAINST
What!? Women take pictures of themselves naked or in sexy lingerie & text them? Fucking Patriarchy! #TweetLikeAFeminist #SJWLogic #SemST,AGAINST
The fact that Chris Brown is somehow still famous is why I need #SemST,NONE
RULES TO LIVE BY  Seek logic in things even if it looks like a waste of time including feminism.   #GamerGate #SemST,AGAINST
A vote by a woman is a wasted vote @femfreq @feministculture #SemST,AGAINST
#sex male caste general religion Hindu. None of these were in my hand!!! Gurrr  #feminazis pseudo #SemST,AGAINST
"@POBREClTA @JustLove_Katie @WillBrianna ""running your dick sucker"" yes because THAT is the purpose of your mouth lol #SemST",AGAINST
With or without someone by my side I'm gonna achieve all the goals I have set. #strongwomen #Goals #SemST,FAVOR
Ashamed of my fellow man. Making pigs of ourselves at every given opportunity.  #feminist #ashamed #SemST,FAVOR
@ZaraLovesScript A bloke we both know @BigGoodJohn asked me to offer congrats for being clever; still seems stunned girls ARE. #SemST,FAVOR
Shut up and go back to the kitchen bitch #SemST,AGAINST
I guess what I am begging for at this point is like some really sexist views.. I know they are out there#FeministsAreUgly #SemST,AGAINST
"The lack intellectual integrity in a group of Atheists is easy to spot: just count their ""FeministAtheists"" #GamerGate #SemST",AGAINST
Hey fellow Feminists we need to fight back against this ridiculous war-glorifying that celebrates #men.  #Triggered #Transpatriot #SemST,FAVOR
feminism appeared for ray rice domestic violence but disappear for hope sole's #doublestandards #SemST,AGAINST
Spanish Civil War publishing cookbooks & author gender points to women's lack of access to education ind wealth #osfc15 #SemST,FAVOR
Rethink your beach clothes. Bc it may oppress some people!! #thisoppresseswomen #SemST,AGAINST
If masculinity is toxic then I must be a nuclear waste facility. #gamergate #dumbfeminist #SemST,AGAINST
Do you know the difference between Activism and Advocacy? #SDG #youthdevelopment #SemST,NONE
#SingleBecause I refuse to be man's 'other' and bcs I want to be my full self bcs I want a feminist man who's a man's man. #SemST,FAVOR
"NiceFeminists are passive onlookers to man-hate. Their excuse?  ""It's not up to me to prevent hate in my movement!""  #SemST",AGAINST
The majority of anti-abortion leaders are men and none of them will ever be pregnant.  #genderequity #SemST,FAVOR
if women didn't have double standards then they would have no standards. #MagicMikeXXL #YesAllWomen #SemST,AGAINST
Feminism on twitter is the black hole of human intelligence just like creationism.  #GamerGate #SemST,AGAINST
The rule of attention is you always get both: wanted and unwanted. But Feminists hypocrites only want one. #GamerGate #SemST,AGAINST
The retarded tantrums of #GamerGate feminists show the effects of a lifetime of never facing intellectual challenge. #SemST,AGAINST
@HiddenTara No one wants to see #Feminists naked so the petty vindictive bytches want to drag everyone else down to their level. #SemST,AGAINST
CREATIONIST OK you clearly don't know what the word of God is!  FEMINIST OK you clearly don't know what feminism is!  #SemST,AGAINST
TASK 1.Present a feminist the fact most infanticides are perpetrated by the mother.  2.She will blame it on a male(s). #SemST,AGAINST
"DEAR LYING FEMINIST JOURNALISTS  If candy crush saga is ""hard core gaming"" then masturbation is marriage.  #GamerGate #SemST",AGAINST
@patelology @jameelajamil please RT for our gender equality project! #SemST,FAVOR
Feminists are so stupid they think they're the only ones who can have freedom of speech Lmaooo #SemST,AGAINST
With or without this farmer's tan I bang bare bitches #MisogynistColloquialisms #DontSayBitch #SemST,NONE
Patriarchy Theory - designed to project the prejudice and insecurity of feminists onto men #SemST,AGAINST
@jaclynf @JessicaValenti @AmandaMarcotte and @PennyRed are why feminists don't live on the same planet as us. #SemST,AGAINST
@chelss_21x love how it doesn't distract female teachers #SemST,NONE
#LikeAFeminist if you don't identify as a feminist clearly you don't love yourself sweetie. #SemST,FAVOR
@ActorTrivia let's be pretty and put our tits on full display and then get pissed when people look. #logic #wtf #SemST,AGAINST
Why do feminists hate @Lauren_Southern so much? Because she's one thing none of them are:  Beautiful.  #GamerGate #SemST,AGAINST
@_toekey and the offensive joke is left out of the context... #SpankAFeminist  #SemST,AGAINST
Seriously can't believe there are so many Hilary supporters right now.  #SemST,NONE
Seriously can't believe they gave the women heat breaks and not the men #Wimbledon #SemST,AGAINST
There is nothing more inspiring that the drums at the beginning of #RunTheWorldGirls by @Beyonce... It feels like the rise of #SemST,FAVOR
And people wonder why #feminists aren't taken seriously...  At least give me 1 every time I hear this I'd be rich!  #SemST,AGAINST
@PennyRed is the UK's answer to @JessicaValenti and @AmandaMarcotte #GamerGate #SemST,NONE
@azarrax @PennyRed is the UK's answer to @JessicaValenti and @AmandaMarcotte.  #GamerGate #SemST,NONE
Anita #Sarkeesian - living the damsel in distress trope. #SemST,AGAINST
@deanesmay The Command-and-control mentality runs deep with #feminists. The Swedish Feminist Initiative is open with it #SemST,AGAINST
@HeyItsAlexM @Keatmyshiz hes lyin to u maam u can see thru this transparent asshat. just call him a moron u no u wanna do it #SemST,NONE
@abbystew292 @gogreen18 If you buy into this brainwashing I hope you never get selected for jury duty involving a sex crime #SemST,AGAINST
Modern marriage is like a modern car shinny disposable and not made to last.   #GamerGate #SemST,NONE
Speaking from the heart is rarely wise especially if you have a retarded heart like most feminists.   #GamerGate #SemST,AGAINST
In reading the #BeingFemale tweets I realized how fortunate I am to be able to rent and live in an apartment alone. #rights #fight #SemST,FAVOR
@AsheMareexoxo literally you are so on point about the male gaze and BS about fake nerd girls #SemST,NONE
#Weneedfeminism because Twitter has its very own misogynist harassment machine. #YesAllWomen #HeForShe #Feminist #SemST,FAVOR
Why are we all afraid to say the f-word? By f-word I mean feminist. It's not a bad word people! #SemST,FAVOR
When there's a strong female lead and you get so so excited cause there's no gratuitous sexual violence #SemST,FAVOR
texting my bf telling him to shave today so i find him optimally bangable next time i see him #SemST,NONE
@LaNaria_Athalia Are you using women as sex objects to sell your sexist hate movement yes you are. #SemST,AGAINST
I will say it again: only a low self esteem person will be oppressed by bikini/models ads. Get help #SemST,AGAINST
Feminism then: Fight for women's rights  Feminism now: Find the most petty first world problem to whine about.  #SemST,AGAINST
I am #NotAFeminist b/c human rights are for all humans not just half of them.   #antifeminism #antifeminist #SemST,AGAINST
Omfg... definition of first world problems. #FuckFeminism #SemST,AGAINST
Some feminist's would shut down the entire global porn industry & put millions on benefits/welfare & not even care #SemST,AGAINST
"A quote from mother about being a woman: ""We really got it shit didn't we?"" Aye. Bring on fourth wave feminism! #4thwavefeminism #SemST",FAVOR
men suck. women suck. everybody sucks #SemST,NONE
For all y'all who only pay attention to men's sports something fairly important is happening now with USA women's soccer #SemST,FAVOR
usa is only good at futbol if women are playing #SemST,FAVOR
So you want equality in the work place between men and woman but you won't take the trash out..? Makes sense #SemST,AGAINST
RT @rapebombing: #HowToSpotAFeminist like @infinitehoran_ They block you & then stalk you for days/weeks afterwards. #SemST,AGAINST
Heads up everyone in America benfits from #SemST,NONE
Beauty is in the eye of the goat. #AddGoatRuinAQuote #beauty #BodyImage #SemST,NONE
Why should woman stick together?  I don't like half of you cunts. #SemST,AGAINST
Getting haircut b/c I have a job interview. Because being male and having shoulder length hair is 'unprofessional' #SemST,NONE
I guess crying over a NHL player is better/safer than getting violent over one right? #Saad #Blackhawks #SemST,NONE
U.S. putting a women on $10 bill instead of $20... anyone else think it's a BS compromise? #TheNew10 #WomenOn20s #Feminist #SemST,FAVOR
#Pretty.#Young #Thing. Catchy MJ song/ perfect summary of discourses surrounding professional #female #disempowerment. #gender #SemST,FAVOR
Mind you if your grandmother was cremated you could give yourself an enema with her ashes @beauschopstick  #GamerGate #SemST,NONE
@PennyRed oh the irony of a radfem accusing others of low self-esteem. #GamerGate #SemST,AGAINST
I feel so self-conscious now. THAT'S what catcalls do. Not flattered not pretty. I feel anxious and wanna go home. #SemST,FAVOR
MyVagina kicked the Shit out of HisCock / #SemST,FAVOR
@marieclaire Pretty sure most of us are A-okay without having her on our team. And it's aaaalll about #choice anyway. #feminists #SemST,AGAINST
I get a lot of shit for saying boobs are sexual. I'm sorry you call me ignorant all you want but its true #freethenippple #boobs #SemST,AGAINST
"Being raised by a feminist in rotting soiled clothes - ""I'm not your slave! #SemST",AGAINST
"#BeautyRant 7-Why have I been taught to hate my knock knees? Why must it be a compliment that you call me a ""yellow bone""? #Beauty #SemST",FAVOR
#INeedMeninist because as a blk man white women make more than all minorities despite the lies of feminist. #SemST,AGAINST
"As a child had to 'recycle' own socks from festering laundry heap as feminist mother says ""I'm not your slave! #SemST",AGAINST
Storey's Song of the Day: To love somebody (BeeGees); topic of the day: Feminism in cultural theory. I love this class. #BeeGees #SemST,NONE
A year of relentless harassment of folks talking about rape & abuse on #YesAllWomen = thriving rape culture on social media #SemST,FAVOR
Interesting in the video she kidnaps and tortures(tying up confinement etc) the wife or GF of the evil accountant #SemST,NONE
to all the girls who ' always wear their invisible crown '  I 'always carry a gun '  #Lionesses #SemST,AGAINST
I'm all for feminism but I can't stand the female entitlement and sense of over worth the popular culture presents.   #Meninist #SemST,AGAINST
Never settle for anything less than your are worth. #SemST,NONE
Really interesting debate about whether men can also be feminists #BSCConf15 #criminology #SemST,FAVOR
"Most non-feminist ppl are ""category-fluid"". #Feminists you'd best respect that!  #antifeminism #misogyny #MGTOW #MRA #antiSJW #SemST",AGAINST
Can't find it in me to be friends with people who throw around the word 'slut' or judge women for being sexual beings. #Equality #SemST,FAVOR
@TheCoffeeFilter: ...OR SLOW DOWN YOUR CAR TO YELL AT ME WHILE I WAIT FOR THE BUS!!! #WHATTHEACTUALFUCK #SemST,NONE
@kimiyyye nah bitch I'm a fucking savage obviously . You just gonna suck dick and make sandwiches for some man who beats you daily #SemST,AGAINST
There is one more basic cause [of the abuse of women] and that is that in general men don't give a damn. (Jimmy Carter) #SemST,FAVOR
If the sexes had equal intellectual abilities the collective inferiority complex of feminism would not be necessary. #SemST,AGAINST
RT @MandaReneK: Feminism: the belief that men and women should have equal rights and opportunities. #feminist #lovetheladies #sor... #SemST,FAVOR
Their other complaints are just fake shit they made up this on the other hand is amazingly controlling and entitled 2/ #SemST,AGAINST
Watch out the feminists' next move will probably be demanding pay for the First Lady. #SemST,AGAINST
@stephspickle they make me smile :) #SemST,NONE
Gender norms my ass: definitely moved a few 40lb boxes in wedges #muscles #SemST,AGAINST
Writing and wondering why ovarian and seminal aren't BOTH synonyms for original? #OppressedByThesaurus #OvariesBeforBrovaries #SemST,FAVOR
"The representation goal of Feminism has gone from  ""Invent more female characters""  to  ""Replace all male characters #SemST",AGAINST
The basic principle of the universe is INFORMATION. Literally everything is information in one form or another. #antifeminism #SemST,AGAINST
I'm blocked by 4 of the most frequent posters on #YesAllWomen. 2 of which I've never even debated with. Can't handle facts  #SemST,AGAINST
RT mojibakemono: I'm going to take a nap I'll follow everyone back when I wake up #OpSKYNET #GamerGate #NotYourShield #SemST,NONE
All mascots in women's world Semi-final are girls?... #Equalityforall #SemST,AGAINST
there's someone once told me - girls have to be quiet - i've told him: really? . and i never been quiet since then. #SemST,FAVOR
Feminists are about equality between men and women as much as segregationists were about equality between blacks and whites #SemST,AGAINST
...OR SLOW DOWN YOUR CALL TO YELL AT ME WHILE I WAIT FOR THE BUS!!! #WHATTHEACTUALFUCK #SemST,NONE
and when men can only empathize if they picture their daughter going through the same thing. #SemST,FAVOR
now let's raise the pay for females and make it equal to what men get payed #EAQUALITY #SemST,FAVOR
It's hard being a woman constantly annoyed by things that don't really matter on the grand scheme of things. Wish I was a man #SemST,AGAINST
@sammikluber I'm just stating the facts #SemST,NONE
I just yelled at my boyfriend for trying to let me win for Mortal Kombat X. #SemST,FAVOR
Now Harry is arguing with Dead Girl's father about whose job it is to kill the RapeMurdering villain. #Horns #SemST,NONE
@beeeatles is this list for real? Please god it better be a joke. No man or woman should ever pay attention to this shit. #pissed #SemST,NONE
Extinction of insectsdangerous herbsgigolo servicesreligious fanaticismfake BEERcans-Y Malaysia Radio&media FAIL2discuss? #SemST,NONE
Anyone find it funny that #Feminists use #TakeitLikeAMan when they don't want to understand what it means to be one?  #SemST,AGAINST
watching #BaltimoreRiots on Fox news obvious feminist and her goony beardman following the reporter around for attention #SemST,AGAINST
@mit5_anders To paraphrase Friedan the more a drive is deprived of data the more its data will expand to fill the space. #1960s #SemST,NONE
@Piddy_X @Nero @CYBERSTALIN It's an attempt at a @GodfreyElfwick parody. #ProteinWorld #BaltimoreRiots #socialism #SemST,NONE
Elizabeth Cady Stanton did not die so you could get upset about fuckbois that don't text back #SemST,FAVOR
If you claim nor to be a feminist you either don't understand what feminism is or you are a huge societal problem. #SemST,FAVOR
This feminist supports gender equality because some people believe a woman's value lies in her physical beauty. #SemST,FAVOR
".@johnny_nimble @__heyheather @cooImemegirl ""Equality"": a term used by feminists to poorly hide supremacist agendas. #SemST",AGAINST
you know what's ugly? can't going out with a short skirt without being judged #SemST,FAVOR
Done with crime shows making rape about the father instead of the victim #SemST,FAVOR
.@cooImemegirl Damn that wage gap! Sneaky men work longer hours in dangerous jobs and get paid for it! #SemST,AGAINST
.@cooImemegirl Feminists reject (or ignore the fight for) equality when it might hurt women. That's not equality duh. #SemST,AGAINST
@thefemaleboook @MeninistTweet lmao at the fact you use a bunch of airbrushed fake ass celebrities  #SemST,AGAINST
I met my first radical feminist today. Holy shit. Amazing how much can go wrong in a brain #wtf #SemST,AGAINST
Saying #AllLivesMatter instead of #BlackLivesMatter is like saying equal rights for all instead of #SemST,NONE
They want equality but what they're doing is overpowering men. #feminazi #SemST,AGAINST
the fact that people think women need to be appealing and attractive to be heard/seen as equal is why we need feminism #SemST,FAVOR
All I need in this life of sin is me and my girlfriend #SemST,NONE
RT @rossansguil: Nothing like dudes joking about molesting me right to my face... #SemST,FAVOR
The length of time I take in the bath directly relates to what's happening on Twitter #MondayMotivation  #Worlds2015 #SemST,NONE
@foreigncorrespo And just because you can quote Simone doesn't mean you understand her. Modern femmie-nism is just whining. #SemST,AGAINST
@foreigncorrespo I'm never bored. Ppl who easily get bored - like you profess to be - are generally boring. It's a weak wimp-out. #SemST,NONE
How can you be female and not be a feminist? Like do you not care about your rights as a women or what? #SemST,FAVOR
All I'm doing is reading GG tweets and getting angrier. Fuuuuuuuuuuuck men are privileged.  Time for bed. #FeminismIsAwfullyGreat #SemST,FAVOR
I am obsessed with becoming a woman comfortable in her skin.  Sandra Cisneros #latinx #woc #SemST,FAVOR
.@cooImemegirl @TC_Stompa So what? It is a man's choice whether he wants to breast feed his children. #SemST,NONE
We live in a world where you're either a bitch or a doormat #SemST,FAVOR
Men don't have a right to talk over you you're voice is important you are a goddess and don't deserve to be silenced #SemST,FAVOR
@Mike_Charmander @MsLatina a right doesn't have to come from a law. They're called equal rights not equal laws #SemST,FAVOR
I don't understand how the concept of a male being a feminist doesn't get in some peoples heads. Equality? Anyone? #feminist #SemST,FAVOR
"@VirginRadioTO @MauraGrierson how about ""Maura & Tucker in the morning"" #equality #seniority #SemST",FAVOR
@carly_senatore Also im assuming you claim to be one...yet you just called me an idiot and you dont even know me. Nice. #SemST,NONE
I refuse to accept that there is a unbreakable glass ceiling after all if you hit glass hard enough it will shatter #glassceiling #SemST,FAVOR
You want to hear something really ugly 1 in 5 women will be sexually assaulted in their time in college #MisogynyIsUgly #SemST,FAVOR
wanted to pursue a career rather than settle down and start a family in my 20's. Even now people still tell me time is ticking & #SemST,FAVOR
The most upsetting of all of these however was when I was greeted with shock and disgust for the fact I have ambition and #SemST,FAVOR
Every time I was told I was bossy rather than assertive I took it as a compliment #SemST,FAVOR
FINALLY A WOMEN RUNNING FOR PRESIDENT #SemST,FAVOR
So I'm following @rgay's lead & embracing the term #badfeminist. I'm too far from perfect and still learning. #SemST,FAVOR
".@brigadam @KlaraJoelsson You just made the best case against feminist ""equality"" ever! Fuck feminism! #SemST",AGAINST
.@brigadam @KlaraJoelsson The child could be seized for adoption to prolife couples or raised by mom alone - no $$. #SemST,NONE
"@Yaahnemba Have you ever thought that maybe ""blue jeans"" hates you? Not everyone in the world is made for each other. #SemST",NONE
It is not a woman's place to be made to feel uncomfortable walking down the street. #PoppySmart #SemST,FAVOR
I believe that every women should have their own rights!! #SemST,FAVOR
@Demias20  Misogynist Patriarchy rapist neckbeard Harasser evil mansplain manspread woman hater born a rapist Etc Etc Etc #SemST,FAVOR
@TheRuIes @xDirtyDianna why not she's clearly a part of the squad females can't be with guys without being looked at as a hoe #SemST,FAVOR
@JahMMARastafari @Vosnic you're incredibly bigoted. From rape to homosexuality.  #mensrights #SemST,AGAINST
You don't have to be anti-men to be pro-women. ~ #SheQuotes #Quote #women #men #SemST,FAVOR
The moment you know you've won as a wife.  You put out and he gets up to make his own sandwich. #winning #yvrmoms #funny #joke #SemST,FAVOR
@Vivvyyy what's so wrong with getting dick? How come when guys do it they're praised for it? YOU SEXIST #SemST,FAVOR
.@TheActualSarah The UK is considering abolishing prisons for women completely because crime is a man's fault. #SemST,AGAINST
OH NO EQUALITY FOR ALL WHAT SHALL WE DO ?!?!? STOP FEMINIST ASAP #SemST,AGAINST
.@cooImemegirl @TC_Stompa You have no respect for real equality so you lie and claim feminists want it. #SemST,AGAINST
It upsets me how people are so narrow-minded when it comes to feminism. STEREOTYPING MEN IS NOT . #SemST,FAVOR
feminist: *says something about women to be treated as equal human beings*  some asshole: you're ugly  wow nice okay lmao  #SemST,AGAINST
"@DaniBChristen Yesa ""greater"" understanding because ur's is ""superior"" 2 mine LOL #IDontNeedFeminism #SemST",AGAINST
WHO DO I GOTTA FUCK TO NEVER FEEL LIKE I GOTTA FUCK SOMEBODY? #SemST,NONE
@MrMikeCalta  Proud to say I don't listen to fat crossed eyed MJ #SemST,NONE
Contempo Qiwaamah:longer paid maternity leaveflexi working hourson-site childcarebreastfeeding/breastpumping roomsequal pay #SemST,FAVOR
@rsiereilly I've been pretty well. Enjoyed your response to #SemST,NONE
@SkyNews  @EamonnHolmes @SkyJacquie guy from 'beach body ready' advert being interviewed.Conclusion=arrogant male chauvinist idiot #SemST,FAVOR
Courting patriarchal approval condemns your sisters to abuse about their physical appearance #patriarchyisugly #SemST,FAVOR
@AnandDaranand am not stopping your FOE on ur own TLif u notice;was encouraging u to post topics I'm interested in on my TL #VAW #SemST,NONE
@vote4pedro___ she lied you idiot it's a fact & the reason that you won't acknowledge those facts is also the reason why #SemST,NONE
.@feminismvibes Men don't admit to being raped as readily as women do. So your question is feminist bullshit. #SemST,AGAINST
.@nycinterlude Don't worry honey. Intelligence is a roadblock to full unquestioning faith in feminism. Bleated be! #SemST,AGAINST
Just give me the attention you never gave anyone else. #ExtremeRules #NepalEarthquake #FreddieGray #RHOAReunion #SemST,NONE
Women are superior to men in every aspect #feminist #SemST,FAVOR
@BruiseAurora i'm advocating men to stop loving women. Just have sex with them . #everydaysexism #SemST,AGAINST
@dancerlwt Have you considered changing your Twitter handle to vagina monologue? #SemST,AGAINST
I'm not sure my schadenfreudes can stand this much tickling. @MT8_9 @prettysing  #SemST,NONE
"@optimist216 What a load of crap. Dressing appropriately for the office is ""sexist""? Grow up. #YesAllWomen #SemST",FAVOR
@Awyee707 @TigerClaud You compared playing with dolls to a violent disposition. Two very different things. #GamerGate #SemST,NONE
I NEED FEMINISM BECAUSE- A man in a room full of women is ecstatic. A woman in a room full of men is terrified. #SemST,FAVOR
"Im sorry if you going to be with me and call me ""you women"" like im a cadigory ill probably but boot out the door #SemST",FAVOR
If feminists are ugly then what are the people calling them ugly must be vile #SemST,FAVOR
Yes women it's not fair that men staying at home is shamed by society. We must change ppl additudes  #everydaysexism #SemST,FAVOR
Watching #missrepresentation .. We must change our world. #womenrule #change #beauty #SemST,FAVOR
Strict gender roles in the context of a true marriage devoted to raising children will always be the ideal. No substitutes. #tcot #SemST,AGAINST
so i guess the new definition of ugly is believing in equal rights... LET ME BE UGLY THEN #SemST,FAVOR
Meredith giving Don crap was greatbut HOLY CRAP PEGGY. No spoilers but DAMN was it a great scene. #Peggy #MadMen #SemST,NONE
A woman is not a sex object. She's a person. #truth #wisdom #womensrights #media #life #humanity #love #society #SemST,FAVOR
I take some solace in knowing that at least it means they don't know who that useless hack is... @thehiredmind  #SemST,NONE
@amin86660132 @justsoshelby  Very nice work. I'm happy to hear your autistic friend is able to express himself this way #SemST,NONE
The only reason I stopped at each entrance in #walkingstreet is to have a #LawOfAttraction #viewpoint #dailydevotional #SemST,NONE
@rimmedlarry Actually the tag was made by feminists so they can narcissistically post selfies to prove they're not ugly. #SemST,AGAINST
Feminists don't even understand what feminism is. #SemST,AGAINST
@james_WTF don't be saying these inconvenient truths. It might hurt the narrative. #SemST,NONE
Gotta love the respect feminists give to those that don't wanna be a feminist (note the sarcasm) #IDontNeedFeminism #SemST,AGAINST
people actually brag about how dank their shatter wax shit is on instagram pls kill me #lol #dabs #wax #420 #SemST,NONE
Want revenge for being a slut?  Cry rape.  Then lie to the world and carry a mattress with you.  #rape #UglyFeminist #SemST,AGAINST
Women are strong women are smart women are bold. #FeministsAreBeautifulisalovemovement #SemST,FAVOR
Sexism is power plus prejudice? So Anita is sexist by her own definition because of her new title in time #Anitasarkeesian #SemST,AGAINST
Anyone else starting to notice the general demographic of feminists is like fucking high-schoolers. #SemST,AGAINST
@evelynlns @jes_chastain Agree 100 %! She radiates beauty from the inside out. Such a role model for all  #SemST,FAVOR
@EmWallbank listen well I'm ready to tell about a need that I cannot deny #hsmsong  #SemST,NONE
RT @WeNeedFeminism: I don't want to choose between having a family or having a career #SemST,FAVOR
Hey all you #prolife-ers if Socrates was born mortal and his mother thus doomed him to die is she a murderer? #SemST,NONE
when they say men look at women like a piece of meat what do they even mean they want to cook & eat her? #YesAllWomen #SemST,FAVOR
What is wrong with you people. Women with self respect should be coveted. Or have we been listening to too much Rush? #SemST,FAVOR
Starting to compile evidence for blog post how modern feminism shares the same traits as the Nazi propaganda #antifeminism #SemST,AGAINST
@jowilliams293 Feminists go to the gym lose some weight and stop to blame society for everything #SemST,AGAINST
If you want to empower women you need to disempower the warlords! Zahara Langhi from Libya #WILPF100 #wsw2015 #ikff #peace #war #SemST,FAVOR
Wonder what it'd be like to wear a dress and NOT be sexually harassed for it.  #YesAllWomen #SemST,FAVOR
Feminists are not ugly lol they do make me laugh though. They are the most hypocritical people on the planet #SemST,AGAINST
"I HOPE YOU GET RAPED is apparently how misogynists say ""How dare you not bend to my will?""  #YesAllWomen #SemST",FAVOR
#Feminists can now prove Wage Gap... yet no lawsuits have come forward of women paid less... maybe it doesn't exist.  #SemST,AGAINST
These SJWs are so homogenous and blur together so well it's like dealing with one giantrainbow-headed monster. #GamerGate #SemST,AGAINST
Wives who dislike cooking mk husbands diet saying they'll stay fit Actually they want to avoid cooking ;) MCP #WomensProgress2015 #SemST,FAVOR
How much radical feminist does there have to be before feminist start rethinking their position about feminism? #SemST,AGAINST
Honoured to be followed by the truly inspirational @Kon__K founder of @ASRC1 #realaustralianssaywelcome #thethingsthatmatter #SemST,NONE
All the feminist block me because I speak true. #SemST,AGAINST
Your physical appearance doesn't define your worth.People should be heard whether theyre conventionally attractive or not. #SemST,FAVOR
"@_sarcasmspasm @MT8_9 Then there's the added level of irony: Their chosen figureheads: Not really ""body positive"" amirite? #SemST",AGAINST
@bethany_jayneW its cool I got the greenlight I'm back on ur side #SemST,NONE
@draumkunta also sorry I'm too busy being a gorgeous feminist to give a shit about your beauty standards #SemST,FAVOR
Lehi high school is my favorite school due to @cltnroberts ps yo gleaves hit me up  #MondayMotivation #WhatAreYouAfraidOf #SemST,NONE
@spectator exactly women are so weak and incapable the sight of one in a slim skin is giving them an attack of the vapours #SemST,AGAINST
This always infuriates me. If I was male would I be asked these questions? would I be stereotyped as a 'bitch' 'cold hearted' or #SemST,FAVOR
"Men that want ""credit"" from women for being feminists are not feminists at all.  They're just men wanting more privileges #vaw #p2 #SemST",FAVOR
DEAR FEMINISTS  Why don't you expel the man-haters poisoning your feminism?  Why  you admire them?   #GamerGate #NotY... #SemST,AGAINST
@RiotChildArmy Even though we all know which gender is superior. =) #SemST,FAVOR
All men accused of rape should be immediately castrated no questions asked. #RapeCulture #HeForShe #SemST,FAVOR
"One time I said girls don't like being called sluts to a guy and he said ""you can't speak for everyone #SemST",FAVOR
RT @isocynic: I support whatever team buck supports #truefan #socceroos #bodypositive #SemST,NONE
Upload sexually provocative pics up for all to see. But if someone you aren't attracted to looks it's harassment? Right #SemST,AGAINST
@thomas_RAL: Most feminists don't know what they are fighting for?! Most ego maniac's who want they're 15 minutes of fame. #c4news #SemST,AGAINST
tired of anti-womanist respectability politics. we need a safe space for women can look like they're at the club at an interview #SemST,FAVOR
If you're a feminist AND you hate men please kill yourself. #SemST,AGAINST
@Fashionopolis You just gained a new follower! The #misogynist #maritalrapedebate views has got me outraged! #SemST,FAVOR
Women don't make 75% less than men for the same job. Women on average make less then men. Look it up feminazis. #EqualPayDay #SemST,AGAINST
@lucyblakeman12 You need feminism more than you need anything else in your life. You couldn't survive or speak w/o it. #SemST,FAVOR
@ProteinWorld Don't worry about all these feminists. Any press is good press. I will be ordering products. soon. #SemST,AGAINST
If you're a feminist stop whining on the internet and step up your game. Guys in Baltimore riot for their cause. Get shit done. #SemST,AGAINST
RT @WeNeedFeminism: My school taught us about the penis but never mentioned the clitoris #SemST,FAVOR
"MRAs just tried to ""enlighten"" me which went about as well as the flight of the Hindenburg. #SemST",FAVOR
This #MaritalRape law if misused dont give any scope to men to prove their innocence.Even honest men can be trapped & slaughtered. #SemST,AGAINST
The statistics show that male victims of rape are more likely to be straight than gay. #SemST,NONE
I love that girl @EricWynalda on @meganrapinoe_15 What the hell @FOXSports1? Way to diminish women's soccer #USWNT #SemST,FAVOR
Why do girls/women spend so much time to be pretty and attractive and then complain if they're reduced to a sex symbol? #SemST,AGAINST
Male rape is one of the most under-reported crimes; male rape survivors are among the most under-served crime victims. #SemST,NONE
@randomtweetor i hate to break it to u bruh but women do get pretty for us. They get pretty to show other women #feminist #SemST,FAVOR
hooks says that we continueeven though it's hard and causes pain because of those people we look to #whatawoman #bellhooks #love #SemST,FAVOR
Job should always go to best candidate regardless of gender. Gender shouldn't even matter anymore it's 2015! #PaulHenry #SemST,FAVOR
What do you say to a woman with two black eyes?  Nothing she's already been told twice.   #SemST,AGAINST
@whenindoubtdo the trigger levels are over 9000 #SemST,NONE
Pope Francis: Christians should support equal pay for equal work #popefrancis #worldnews #society #women #SemST,FAVOR
@brandileighhhhh its called sexual coercion and it is the same as rape. #RapeCulture #SemST,FAVOR
I wonder when my feminism top is gonna arrive.. I need a bit of happiness with the stress of studying #collegelife #SemST,FAVOR
I am not free while any woman is unfree even when her shackles are very different from my own Audre Lorde #feminist #SemST,FAVOR
This just in: Pop culture still hates women. #SemST,FAVOR
RT VivienneDenue: Code to hack and evil to destroy. Time to get back to work and kick some ass. #gamedev #femaleprotagonist #cybe... #SemST,FAVOR
Sometimes I overheat and want to take off my shirt but can't because of social expectations of people with breasts. ;n; #SemST,FAVOR
stop with the male animators we want female animators  #SemST,FAVOR
It's not a pleasant world where if you disagree with feminists you have to fear for your life and freedoms #SemST,AGAINST
If the confederate flag offends you good. Stop making things #politicallycorrect #SemST,NONE
i wish people would understand that true feminists want equality for everyone (even men) not just girls . #SemST,FAVOR
I'd rather share the road with a man who just pulled an all nighter and blew a .2 than a sober well rested woman. #Equality #SemST,AGAINST
@luisaomielan amazing show in Leicester tonight best comedy show I've ever seen incredible! #upgradeyourself #SemST,NONE
@jordanelliott_ Slut is a word made to degrade women we shouldn't degrade anyone - it's their body's they can do what they like #SemST,FAVOR
Stupid Feminists the civilization you take for granted was built with the labour blood sweat and tears of men. #SemST,AGAINST
pls don't h8 me my last tweet was OBVIOUSLY a joke #luv #rightsforall #SemST,NONE
It's frustrating & awful that the only voices getting access to a wider audience are the voices of hate. #ConfederateFlag #race #SemST,NONE
"Petition for journalists to stop using ""man up"" when they mean ""demonstrate resilience and mental toughness #SemST",FAVOR
Women should come with a money-back guarantee. If this doesn't work out because you're a dumb bitch I should get my money back. #SemST,AGAINST
Kwink884 thewtfmagazine gamers are fatophobes. ever notice there are no morbidly obese characters in video games? #GamerGate #Not... #SemST,NONE
DateOffCampus: Now part of the regular lineup  #SpankAFeminist #feminazi #MRA #Fak... #SemST,AGAINST
YOU'RE A GIRL AND HAVE A SEX DRIVE!? YOU MUST BE A SLUT! #feminist #SemST,FAVOR
Suns out....  Dresses out...  #StreetHarassment out...  This shouldn't be daily life  #YesAllWomen @EverydaySexism #SemST,FAVOR
"If the Olympics were 100% feminist the men's division would be erradicated for ""equality""  #GamerGate #SemST",AGAINST
Women who falsely accuse men of rape DO NOT care about exploting the suffering of real rape victims.  #GamerGate #SemST,AGAINST
@UN_Women @WomenUndrSiege @OSCE_RFoM It should be considered a hate crime if someone makes a threat against a woman. #SemST,FAVOR
Because all human beings are created equally by nature. #SemST,FAVOR
"Because women are seen as ""soft"" ""weak"" and ""emotional"" in the eyes of male politicians #SemST",FAVOR
So you support unequal pricing based on gender @CamilleBogrand?  Don't you normally call that sexism?  #EqualPayDay #SemST,FAVOR
These pics of #pornstars with/without makeup? Just perpetuating the myth that women need makeup to be considered pretty. #SemST,FAVOR
Because young girls are told not to be raped instead of telling boys not to rape #SemST,FAVOR
#YesAllWomen should know how to protect herself. Which is why I carry a gun. #republicanvalues #SemST,FAVOR
Wanna hear the two funniest words in the English language right now?  Feminist fellowship.   Geddit? Fell ow ship?   #SemST,AGAINST
Did you know? Gender stereotypes as we know then developed with beginning of the 18. century. #gender #SemST,FAVOR
Lol what's so ugly about wanting to be equal? #SemST,FAVOR
Feminism is not just about women; it's about letting all people lead fuller lives ~ @JaneFonda #life #SemST,FAVOR
I take it personally when people call my dog a he. Toni is a girls name too #SemST,FAVOR
It doesnt take a miracle all takes signature and a few kind people to know not to kill innocent a women #MaryJaneLives #SemST,FAVOR
As Chip Kidd announces the readers & asks us to hold their applause the audience cant hold it back for @GloriaSteinem #poetry #SemST,NONE
don't let anyone else's perception of you define you or your beliefs and don't feel you have to justify your own worth #SemST,FAVOR
"Some guy just called me a gentleman for holding the door open for him. He then corrected himself & said ""I'm sorry gentlewoman! #SemST",FAVOR
"@__florencesmith Not ""if"" - women do have equal rights & feminists have made women more equal than men. Go read ""Animal Farm #SemST",AGAINST
So if I find a woman attractive I'm an objectifying pig. If I don't find her attractive I'm a shallow pig. #SemST,AGAINST
#WeNeedFeminism because #YesAllWomen simply do not get the same level of respect that I get as a man. #HeForShe #SemST,FAVOR
"Well maybe if more men learned to take ""no"" as an answer women wouldn't have to say as much #fnm231 #SemST",FAVOR
@OliviaJeniferx it's not always the guys job. #equality #SemST,FAVOR
You know you're in a patriarchy when women are the ones who are blamed for prostitution #whatisjustice #inequality #SemST,FAVOR
When is it ok for a married 49-year-old CEO to use his power and influence to shag his 22-year-old intern? #AskHillary #SemST,FAVOR
@moonsmuke Wow. A threat of violence from a feminist when I've been nothing but polite. I might report this . . . #SemST,AGAINST
@POWSIMIAN does a vegan diet make you immortal? either way we're all gonna die #SemST,NONE
@MrRamsbottom @instruct @madebyreformat @studiodbd @luketonge I have to stop tweeting now cause @JoeWellMade wants his tea making. #SemST,NONE
Just been putting the finishing touches to a feminist-themed cryptic crossword... Standard. #crosswords #SemST,FAVOR
Hey guyz I'm talking about Baltimore *social issues* super smart super current events #SemST,NONE
For Us By Us: These Apps Are What Happens When Girls #HackForGirlsRights via @autostraddle #girlsintechht.../buff.ly/1HHhM18 #SemST,FAVOR
People who call themselves beautiful are really the ugliest. #deep #edgy #Philosophy #BaltimoreRiots #Baltimore #SemST,NONE
When real life gets controversial scroll social media faster. #BaltimoreRiots #NepalEarthquake #kyliejennerchallenge #SemST,NONE
Thought that goes through my mind on a regular basis: would you have said that to me if I was a man? #SemST,FAVOR
We are actually watching a video on radical feminism in history this is the funniest movie ive ever seen #SemST,AGAINST
@oakleyftgaga you should be nice to me anyways #NicerInternet #SemST,NONE
The queen won the royalty race not the king or prince #SemST,FAVOR
I nailed another black feminist. I banged her so hard that she shit. My wife ended up cleaning up the shit too. #BaltimoreRiots #SemST,AGAINST
#FSURHET protip. MAYBE familiarize yourself with recent trending topics....#Meninist #BlackLivesMatter #BaltimoreRiots #SemST,NONE
@victoriacoren has an article on women and politics in this months @ELLEUK - it's a must read. #generalelection #politics #women #SemST,FAVOR
"We teach the young rubbernormative messages about how they ""should"" use condoms as if rawdogging is somehow wrong #teamnocondom #SemST",NONE
Contrary to stereotype I see feminists all over social media championing causes that benefit men. #YesAllWomen #HeForShe #SemST,FAVOR
Time to go hashtag crazy then... #Folklore #UKTourism #Britain #Storytelling #Myth #Legend #Equality #Multicultural #Folk #SemST,NONE
@UKIP Also a policy on removing feminists. In their entirety. Thanks for your help with this #VoteUKIP #SemST,AGAINST
"M: FEMINISTS NEED TO GROWA SENSE OF HUMOR W: Okay. (sips from ""Male Tears"" mug) M: AAIGH!  MISANDREEEEEEEEEEE  #YesAllWomen #SemST",AGAINST
V! Can't wait to see you! # #SemST,NONE
@Daily_Feminism -- give us a follow back.   #feminist #SemST,FAVOR
#WeNeedFeminism because #NoMeansNo it doesnt mean yes it doesnt mean try harder!  #YesAllWomen @yesallwomen #RT #SemST,FAVOR
Whether you label yourself a feminist or not I think it's important that we address equal rights.-Taylor Swift. #SemST,FAVOR
Thanks for all the laughs tonight @amyschumer! And the social commentary wasn't bad either ;) #equalpay #girlyoudontneedmakeup #SemST,FAVOR
RT @WeAreFemstrong: Wonder what it'd be like to wear a dress and NOT be sexually harassed for it.  #YesAllWomen #SemST,FAVOR
RT @PatsyMaureen: Females turn into man hating feminists because no man fancy's they're dyke lesbian ass's. #SemST,AGAINST
the time for gender equality is NOW! #SemST,FAVOR
@ENews Tell @TerrenceJ to stop speaking about women is such a belittling manner. You should NEVER lie to women. #Equality #asshole #SemST,FAVOR
What a wonderful interview with @blakelively in @StylistMagazine. Very refreshing feminist views #SemST,FAVOR
those who resist against feminism before us 2016 election should not be killed. they should be raped to death ... #USElections #SemST,FAVOR
